metric,result_mean,result_sem,result_count
$MAE$,0.18865865803582296,0.006147222188034077,6
$RMSE$,0.31562257673110095,0.0189137697422386,6
$RMSE/\sigma$,0.2341860156041435,0.015464635683861536,6
$R^{2}$,0.943961135311283,0.0072710159484729135,6
