metric,result_mean,result_sem,result_count
$MAE$,0.1867963139010539,0.012877804293393011,6
$RMSE$,0.3078575952827562,0.03498120655404056,6
$RMSE/\sigma$,0.22780674378889357,0.02564981867594063,6
$R^{2}$,0.9448145214937583,0.01282891793159811,6
