metric,result_mean,result_sem,result_count
$MAE$,0.20152158577521828,0.0037580315249388756,60
$RMSE$,0.353495909215556,0.012363044295148786,60
$RMSE/\sigma$,0.26197823955418537,0.008799922470153638,60
$R^{2}$,0.9267985225067277,0.0054192050607962195,60
