metric,result_mean,result_sem,result_count
$MAE$,0.215950956412451,0.01755988819174875,6
$RMSE$,0.3514788187848466,0.03397620153228874,6
$RMSE/\sigma$,0.25966183988129904,0.023700928367124636,6
$R^{2}$,0.9297670588821408,0.011568680547592221,6
