metric,result_mean,result_sem,result_count
$MAE$,0.20428060921729163,0.010194367920700598,6
$RMSE$,0.3228139532993705,0.020235434787106092,6
$RMSE/\sigma$,0.23954442781195398,0.016712514689438525,6
$R^{2}$,0.9412219263680202,0.008078433909970971,6
